,First,Position
57,Joshua Kimmich,"RB,CM,CDM"
86,Daniel Carvajal Ramos,RB
119,João Pedro Cavaco Cancelo,RB
135,Kyle Walker,RB
139,César Azpilicueta Tanco,"RB,CB"
158,Trent Alexander-Arnold,RB
246,Nélson Cabral Semedo,RB
265,Ricardo Barbosa Pereira,"RB,RM"
283,Thomas Meunier,"RB,RM"
286,José Ignacio Fernández Iglesias,"CB,LB,RB"
289,Sergio Roberto Carnicer,"RB,RM,CM"
325,Jesús Navas González,"RM,RB"
333,Éder Gabriel Militão,"CB,RB"
373,Alessandro Florenzi,"RB,RW,LW"
381,André Gomes Magalhães Almeida,RB
382,Jesús Corona,"RM,RB"
400,Łukasz Piszczek,RB
425,Álvaro Odriozola Arzalluz,RB
437,Joe Gomez,"CB,RB"
464,Elseid Hysaj,RB
485,Šime Vrsaljko,RB
486,Héctor Bellerín Moruno,"RB,RWB"
487,Pavel Kadeřábek,"RWB,RB,RM"
503,Domagoj Vida,"CB,RB"
528,Kieran Trippier,"RB,RWB"
540,Lars Bender,"RB,CDM,CM"
547,Daniel Wass,"RB,CM,RM"
580,Achraf Hakimi,"LB,RB"
594,Maikel Renan Catarino Fagundes,"RB,RM"
597,Aaron Wan-Bissaka,RB
608,Benjamin Pavard,"CB,RB"
609,Thilo Kehrer,"CB,RB"
616,Ruben Aguilar,"RB,RWB"
618,Lukas Klostermann,"RB,LB,RWB"
628,Léo Dubois,RB
631,Ander Capa Rodríguez,RB
632,Davide Zappacosta,"RB,RWB"
644,Rubén Peña Jiménez,RB
654,Joël Veltman,"CB,RB"
670,Santiago Arias,RB
673,Damián Suárez,"RB,RM"
677,Leonardo Spinazzola,"LM,LB,RB"
680,Danny da Costa,"RWB,RM,RB"
688,Danilo Luiz da Silva,"RB,LB"
690,Serge Aurier,"RB,RWB"
692,Daniel Caligiuri,"RWB,RB,RM"
704,Mario Gaspar Pérez Martínez,RB
730,Mariano Ferreira Filho,RB
737,Séamus Coleman,RB
756,Mathieu Debuchy,RB
762,Giovanni Luis Quintana,"RB,RM"
779,Denzel Dumfries,RB
784,Everton Jorge Simão Resende,"RB,RM,CM"
809,Hans Hateboer,"RM,RB"
816,Marcelo Augusto Ferreira Teixeira,"RB,LB"
822,Rúben Miguel Nunes Vezo,"CB,RB"
824,Renzo Saravia,RB
853,Hiroki Sakai,"RB,LB"
895,Kévin Malcuit,"RB,RM"
926,Hugo Mallo Novegil,RB
933,Hans Hateboer,"RM,RB"
941,Oscar De Marcos Arana,"RB,RW"
953,Renzo Saravia,RB
954,Everton Jorge Simão Resende,"RB,RM,CM"
961,Martín Cáceres,"CB,RB"
981,Rafael Pereira da Silva,RB
987,Nathaniel Clyne,RB
1006,Davide Calabria,RB
1030,Milton Casco,"LB,RB"
1073,Victor Sánchez Mata,"CM,CDM,RB"
1083,Ashley Young,"RB,LB"
1084,Sebastián Bruno Luna,"RB,RM,CM"
1087,Djibril Sidibé,RB
1101,Konrad Laimer,"CM,CDM,RB"
1116,Noussair Mazraoui,"RB,CM"
1117,Youcef Atal,"RB,RM,RWB"
1122,Nordi Mukiele,"CB,RB"
1149,Stefan Ristovski,RB
1159,Fabricio Bustos,"RB,RWB,RM"
1177,Aritz Elustondo,"CB,RB"
1194,Joakim Mæhle,RB
1203,Kevin Mbabu,RB
1213,Kenny Tete,RB
1222,Cristiano Piccini,"RB,RWB"
1241,Mattia De Sciglio,"RB,LB"
1245,Stefan Lainer,RB
1259,Daryl Janmaat,RB
1263,Mitchell Weiser,"RB,RM"
1273,Fabian Johnson,"LM,RB,LB"
1279,Nikola Milenković,"CB,RB"
1306,Alan Franco,"CB,RB"
1307,Timothy Castagne,"LM,RM,RB"
1328,Kevin Berlaso,RB
1332,Alessandro Baia Marques,"RB,RM"
1341,Tony Jantschke,"CB,RB"
1366,Guillermo Luis Ichazo,"CB,RB,LB"
1390,Martín Montoya Torralbo,"RB,RWB"
1394,Eltildo Lucas Correia Pitta,"CB,RB,LB"
1402,Jan Bořil,"LB,RB"
1403,Silvan Widmer,RB
1414,Unai Bustinza Martínez,"CB,RB"
1431,Roberto Rosales,"RB,RWB"
1471,Kévin Théophile-Catherine,"CB,RB"
1474,Frédéric Guilbert,"RB,RM"
1481,Diogo Filipe Guerreiro Viana,"RB,RW"
1493,Cédric Ricardo Alves Soares,"RB,RWB"
1494,Facundo Roncaglia,"CB,RB"
1504,Francisco Femenía Far,"RB,RWB"
1506,Adam Smith,"RB,LB"
1510,Hugo Miguel Almeida Costa Lopes,"RB,CB"
1515,Uílson de Souza Paula Júnior,"RB,RM"
1518,Gonzalo Montiel,"RB,CB"
1532,Michael Lang,"RB,RM"
1577,Theodor Gebre Selassie,"RB,RM"
1581,Leonardo de Matos Cruz,"RB,LB,RM"
1584,Victor Martin Maia Padilha,"RB,RM"
1592,Mehmet Zeki Çelik,RB
1604,DeAndre Yedlin,"RWB,RB"
1611,Ricardo Sousa Esgaio,"RB,RW"
1614,Vladimír Coufal,RB
1625,Aleix Vidal Parreu,"RM,RB"
1631,Mason Holgate,"RB,CB"
1633,Jonas Svensson,"RB,CM"
1638,Falaye Sacko,RB
1701,Javier López Rodríguez,"RB,RWB,LB"
1702,Danilo D'Ambrosio,"RB,LB,CB"
1706,João Miguel Coimbra Aurélio,RB
1720,Davide Santon,"RB,LB"
1723,Dylan Bronn,"CB,RB"
1724,Luis Rodríguez,"RB,RWB"
1727,Stephan Lichtsteiner,"RB,CB,RWB"
1742,Yuto Nagatomo,"LB,RB"
1773,Kelvin Amian,"RB,CB"
1774,Julio Buffarini,RB
1783,Matteo Darmian,"LB,RB"
1790,Timmy Chandler,"RB,RWB,RM"
1795,José Diogo Dalot Teixeira,"RB,LB,RM"
1797,Lorenzo De Silvestri,"RM,RB"
1806,Gökhan Gönül,RB
1811,Otávio Alberto Cairinho Monteiro,"CB,RB"
1830,Rick Karsdorp,RB
1835,Andrea Conti,"RM,RB"
1843,Bernardo Fernandes,"LB,LWB,RB"
1849,Håvard Nordtveit,"CB,CDM,RB"
1850,Omar Elabdellaoui,RB
1871,Daniel Brosinski,RB
1876,Nabil Dirar,"RM,RB"
1889,Tin Jedvaj,"CB,RB,LB"
1892,Thomas Foket,RB
1905,Jakub Błaszczykowski,"RM,RB"
1910,Joaquín Navarro Jiménez,"CB,RB"
1920,Hamari Traoré,"RB,RWB"
1927,Ola Aina,"LM,RM,RB"
1932,Miguel Layún,"RB,LB,RM"
1933,Youssouf Sabaly,"RB,RM"
1944,James Tavernier,RB
1946,Mauricio Isla,"RB,CM"
1949,Timo Baumgartl,"CB,RB"
1953,Joshua Brenet,"LWB,LB,RB"
1963,Mykyta Burda,"CB,RB,LB"
1977,Martín Aguirregabiria,RB
1984,Juan Foyth,"CB,RB"
1993,Marius Wolf,"RB,RM,CM"
2019,Bouna Sarr,"RB,RM"
2028,Pablo Zabaleta,"RB,CDM"
2044,Simon Francis,"CB,RB"
2046,Valentino Lazaro,"RB,RM"
2062,Matthew Lowton,RB
2069,Tomasz Kędziora,RB
2078,Rodrigo Alves Soares,RB
2090,Benjamin Henrichs,"RB,LB,RM"
2092,Joseba Zaldúa Bengoetxea,RB
2096,José Pedro Fuenzalida,"RW,RM,RB"
2101,Panagiotis Retsos,"CB,RB,LB"
2104,Clinton Mukoni Mata Pedro Lourenço,"RB,CB,RM"
2126,Ainsley Maitland-Niles,"RWB,RB,RM"
2140,Jonathan Schmid,"RWB,RM,RB"
2147,Duirval Hélton Diniz Cabral,"CB,RB"
2151,Francisco Guerrero Martín,"RM,RWB,RB"
2160,Pablo De Blasis,"LM,RM,RB"
2163,Thulani Hlatshwayo,"CB,RB"
2171,Emir Dilaver,"CB,RB"
2185,Leon Balogun,"CB,RB"
2198,Javier Manquillo Gaitán,"RWB,RB,LWB"
2214,Almamy Touré,"RB,CB"
2216,Ryan Fredericks,RB
2227,Jeremiah St. Juste,"CB,RB"
2250,Erik Durm,"LB,RB,RM"
2255,Marcel Risse,"RM,RB"
2262,Óscar Opazo,"RB,RM,LB"
2269,Víctor David Díaz Miguel,"RB,CB"
2272,Jailson Michel Caeiro Meireles,"RB,RM"
2302,Jorge Pulido Mayoral,"CB,LB,RB"
2303,João Pedro da Silva Pereira,RB
2305,Osvaldo Murilo Lodeiro Ferreira,"CB,RB,LB"
2311,Stefan Medina,"RB,CB"
2321,Aurélio Gabriel Ulineia Buta,"RB,RM"
2329,Lucas Romero,"CDM,CM,RB"
2349,Kyle Walker-Peters,"RB,LB"
2354,Mykola Morozyuk,"RB,RM,LM"
2366,Bogdan Butko,RB
2387,Pol Mikel Lirola Kosok,"RB,RM"
2390,William de Asevedo Furtado,"RB,LB,RM"
2399,Stefan Ilsanker,"CDM,CB,RB"
2405,Jens Stryger Larsen,"RB,RM,CB"
2407,Camilo Mayada,"RB,LB,RM"
2408,Bruno Ecuélé Manga,"CB,RB"
2432,Pedro Antonio Porro Sauceda,"RWB,RB,RM"
2433,Bruno Valdez,"CB,RB"
2446,Kauã Ricardo Abranches Simões,"CAM,RM,RB"
2459,Peter Pekarík,RB
2465,Jonás Ramalho Chimeno,"CB,RB"
2480,José Ángel Crespo Rincón,"CB,RB,LB"
2499,Allan Nyom,"RB,LB"
2502,Pablo Maffeo Becerra,"RWB,RM,RB"
2504,David Limberský,"LB,RB,CB"
2512,Dimitri Foulquier,"RM,RB"
2535,Daniel Bocanegra,"CB,RB"
2539,Fernando Navarro,RB
2552,Christian Maggio,RB
2567,Martin Linnes,"RB,LB"
2577,Dennis Diekmeier,"RB,RWB"
2590,Jesus Fabrício Andrade Simões,RB
2591,Antonio Barragán Fernández,"RB,RM"
2598,Şener Özbayraklı,RB
2628,Wanderson Souza Carneiro,RB
2629,Juan Francisco Moreno Fuertes,"RB,RWB"
2635,Sébastien Corchia,RB
2642,Tomáš Holeš,"RB,RM,LM"
2645,Jorge Miramón,"RB,RWB"
2671,Luis Advíncula,"RB,RWB"
2704,Jonjoe Kenny,RB
2707,Wilson Miguéis Manafá Jancó,"LB,RB"
2714,Giovanni Di Lorenzo,"RM,RB,RWB"
2723,Patricio Gabarrón Gil,"CB,RB,RM"
2731,Joel Ward,RB
2758,Emil Krafth,RB
2764,Callum Paterson,"ST,CM,RB"
2771,Didier Delgado,"RM,RB"
2774,Sofiane Alakouch,RB
2790,Andreas Beck,"RB,RWB"
2808,Júlio César Pires Feitosa,RB
2811,Vinicius Lúcio Cardenha Caeiro,"RB,CB"
2814,Oliver Sorg,"RB,CB"
2825,Axel Tuanzebe,"CB,RB"
2849,Ezequiel Schelotto,"RB,RM,RWB"
2867,Martín Nervo,"CB,RB"
2872,Timothy Fosu-Mensah,"RB,CB"
2877,Douglas Arthur Armeira Bahia,RB
2882,Yassine Meriah,"CB,RB"
2883,Bartosz Bereszyński,RB
2893,Radim Řezník,"RB,CB"
2894,Edgar Miguel Ié,"CB,RB"
2895,Jorge Moreira,RB
2897,Colin Dagba,"RB,RWB"
2927,Paul Verhaegh,RB
2938,Jérémy Pied,"RB,LB"
2948,Paul Aguilar,RB
2977,Benjamin Chris Meseira Zonta,RB
2989,Marcos Angeleri,"RB,CB"
2995,Mama Samba Baldé,"RW,RM,RB"
3003,Andrés Mosquera,"CB,RB"
3015,Ibrahima Mbaye,"RB,LB"
3019,Abdoulaye Bamba,"RB,LB,RWB"
3021,Vladislav Ignatiev,"RB,RM,LM"
3022,Daniel Amartey,"RB,CM,CB"
3032,Douglas Pereira dos Santos,"RB,RM"
3050,Nenad Tomović,"CB,RB"
3072,Sean Klaiber,RB
3085,Vincent Laurini,RB
3091,Felipe Campos,"RB,CB"
3094,Marc Navarro Ceciliano,"RB,RWB"
3095,Álvaro Tejero Sacristán,RB
3099,Davide Biraschi,"CB,RB"
3100,Ozan Tufan,"CDM,CM,RB"
3103,Peter Ankersen,"RB,RM"
3106,Yaya Banana,"CB,CDM,RB"
3112,Nejc Skubic,RB
3127,Arnaud Souquet,"RWB,RB"
3131,Rodrigo Salinas,"RB,LB"
3134,Jorge Figal,"CB,RB"
3156,Michal Frydrych,"CB,RB"
3172,Luděk Pernica,"CB,RB"
3179,Joaquín Laso,"CB,RB"
3185,Mauro Pierre Cildinho Conradi,RB
3200,Matías Aguirregaray,"RB,LB"
3230,Takehiro Tomiyasu,"CB,RB"
3231,Valentin Rosier,"RB,LB"
3240,Sverrir Ingi Ingason,"CB,RB"
3246,Fábio Pereira da Silva,"RB,LB"
3255,Iñigo Lekue Martínez,"RB,LW,LB"
3259,Fabio Pisacane,"CB,RB"
3278,Reece James,"RB,CDM"
3279,Vincent Manceau,RB
3283,Facundo Sánchez,"RB,RM,RWB"
3290,Ben White,"CB,RB"
3294,Fouad Chafik,"RB,RWB,LB"
3299,Roberto Jesus Machado Beto Alves,RB
3301,Frédéric Veseli,"CB,RB,LB"
3338,Michael Murillo,"RB,CB"
3341,Julian Korb,"RB,RWB,RM"
3345,Jorge Sánchez,"LB,RB"
3347,Renaud Ripart,"ST,LM,RB"
3355,Thierry Rendall Correia,"RB,LB"
3362,Michalis Bakakis,"RB,LB,CB"
3393,Leonardo Jara,"RB,RWB"
3422,Luke Ayling,RB
3436,Andy Najar,"RB,RM,CB"
3439,Federico Mattiello,"RM,LM,RB"
3448,Alessandro Nuno Vaz Laranjeiras,"CDM,RB,RM"
3453,Oleksandr Karavaev,"RM,RB"
3458,Matthias Zimmermann,"RB,CDM"
3474,Iván Balliu,RB
3479,Christophe Jallet,"RB,LB"
3493,Nazim Sangaré,RB
3565,Jeremy Toljan,"RB,LB"
3579,Russell Canouse,"CDM,CM,RB"
3582,Romain Métanire,RB
3585,Moritz Bauer,"RB,RWB"
3590,Damián Martínez,RB
3609,Gōtoku Sakai,"RB,RM,LM"
3624,Mathías Suárez,"RWB,RB"
3629,Mattias Johansson,"RB,RWB"
3635,Andrea Rispoli,"RB,RM"
3647,Bruno Miguel Boialvo Gaspar,RB
3661,Frederik Sørensen,"CB,RB"
3663,Artur Jędrzejczyk,"CB,RB"
3667,Christian Chimino,RB
3675,Hugo Adryan Rubiães Chaves,"CDM,RB"
3685,Ondřej Čelůstka,"CB,LB,RB"
3693,Nuno Albertino Varela Tavares,"LB,RB"
3699,Gino Peruzzi,RB
3757,Iván López Mendoza,"RB,RWB"
3765,Arnold Issoko,"RB,RM,RW"
3774,Paulo Díaz,"CB,CDM,RB"
3778,Emerson Leite De Souza,RB
3799,Yasser Al Shahrani,"LB,RB"
3801,Andrey Eschenko,RB
3809,Fabrizio Cacciatore,"RB,LB"
3814,Iván Piris,"RB,LB"
3815,Steven Moreira,"RB,CB"
3818,Kirill Nababkin,"LB,RB,CB"
3827,Andy Yiadom,"RWB,LWB,RB"
3843,Mohammed Al Buraik,RB
3846,Enock Kwateng,RB
3855,Max Aarons,RB
3857,Phil Bardsley,RB
3864,Aljaž Struna,"CB,RB"
3866,Michal Sáček,"CM,CDM,RB"
3869,Martin Valjent,"CB,RB"
3880,Arturo Calabresi,"CB,RB"
3881,Leonardo Duarte da Silva,"CB,RB"
3907,Víctor Salazar,"RB,RWB"
3908,Florent Hadergjonaj,"RB,RWB"
3911,Patrick Burner,RB
3923,Vassilis Torosidis,"RB,LB,CDM"
3945,Chul Soon Choi,"RB,LB"
3963,Sergi Palencia Hurtado,RB
3964,Ignacio Vidal Miralles,"RB,RWB"
3967,Emanuel Brítez,"CB,RB"
3971,Carlos Martín Vigaray,RB
3974,Kevin Rüegg,"RB,CDM"
3983,Christopher Trimmel,RB
4011,Patrick De Oliveira Vieira,RB
4024,Collins Fai,"RB,LB"
4041,Sam Byram,RB
4047,Víctor García,RB
4048,Cristian Manea,RB
4068,Alexander González,"RB,RM"
4077,Tommy Smith,RB
4084,Gonzalo Bettini,RB
4085,Jordi Calavera Espinach,"RB,RWB"
4097,Michele Somma,"CB,RB"
4098,Alberto Benito Correo,RB
4116,Joaquín Marín Ruiz,"LB,RB"
4120,Oualid El Hajjam,RB
4121,Ahmet Oğuz,"RB,RWB"
4125,Alejandro Díez Salomón,"RB,RM"
4142,Jorge Rodríguez,"CB,RB"
4160,Eli Dasa,"RB,RM"
4169,João Rodolfo Bardinho Barros,"LB,RB"
4170,Amir Rrahmani,"CB,LB,RB"
4178,Maximiliano Caire,RB
4193,Dael Fry,"CB,RB"
4195,Matteo Bianchetti,"CB,RB"
4201,Ryan Shotton,"CB,RB,RWB"
4219,Ritchie De Laet,"RB,CB,ST"
4221,Jean Zimmer,"RB,RM,LM"
4227,Luciano Abecasis,RB
4241,Rui Filipe Caetano Moura,"RB,CDM,CM"
4254,Miguel Juan Llambrich,RB
4257,Leonel Di Plácido,"RB,RWB,RM"
4260,Julio González,"RB,CB"
4270,Cyrus Christie,"RB,RWB"
4276,Harrison Afful,"RB,RWB"
4280,Gaëtan Belaud,RB
4286,Dion Cools,"RM,RB,LB"
4287,Daniel Muñoz,"RB,CB"
4297,Javier Abella,RB
4303,Vítor Tormena de Farias,"RB,CB"
4308,Fabien Centonze,RB
4312,Rasmus Nissen Kristensen,"RB,RWB"
4319,Gustavo Toledo,RB
4321,Enrico Valentini,"RB,RM,RWB"
4324,Bacary Sagna,"RB,RWB"
4347,Brecht Capon,"RB,RM,RWB"
4352,Jonathan Gradit,"CB,RB"
4356,Moussa Wagué,"RB,RWB,LB"
4358,Helibelton Palacios,"RB,RWB"
4362,Eduardo José Borges Machado,RB
4364,Ognjen Vranješ,"CB,RB"
4366,Hatem Abd Elhamed,"RB,CB"
4375,Andres Tello,"CM,RB"
4381,Diogo José Figueiras,RB
4382,Julien Faussurier,"RB,RM,RW"
4391,Elson Ferreira de Souza,"RB,RM"
4395,Tendayi Darikwa,RB
4411,Ramahlwe Mphahlele,"RB,CB,RWB"
4412,Anthony D'Alberto,"RB,LB"
4414,Julio César Domínguez,"CB,RB"
4416,Heltinho Melo Chaves,"CAM,RB"
4418,Eneko Bóveda Altube,"RB,CB"
4422,Connor Roberts,"RB,LB"
4438,Carlos Araujo,"RB,LB"
4441,Domilson Cordeiro dos Santos,RB
4442,Danny Simpson,RB
4449,Elvis Perlaza,RB
4460,Kingsley Ehizibue,RB
4485,Marco Caligiuri,"CB,RB"
4494,Jacopo Sala,"RB,RM"
4498,Jesús Sánchez,RB
4517,Bailey Wright,"CB,RB"
4535,Antonio Jesús Regal Angulo,"RB,RM"
4550,Gaetano Berardi,"CB,RB,LB"
4553,Joan Sastre Vanrell,"RB,LB"
4562,Henrik Dalsgaard,"RWB,RB"
4564,Eliseu Mendja Nadjack Cassamá,RB
4573,Maxime Colin,"RB,LB"
4584,Josh Risdon,RB
4618,Paolo Faragò,"CM,RM,RB"
4622,Claud Adjapong,"LM,RM,RB"
4627,Raúl López,RB
4632,Marco Davide Faraoni,"RM,RB,CM"
4637,Petar Stojanović,"RB,RM"
4647,Lukas Kübler,"RB,RWB"
4650,Pascal Stenzel,"RB,RWB,RM"
4652,Gergő Lovrencsics,"RB,RM"
4658,Phillipp Mwene,"RB,RM,RWB"
4665,Márcio Anderson Tramontino Sá,"RB,RM"
4668,Georgi Terziev,"CB,RB"
4682,Anton Tinnerholm,"RB,RWB"
4693,Thomas Nicolas Silva Rangel,"RB,RM,RWB"
4695,Tony Josimar Mutto Abrão,"RB,RWB,RM"
4699,Linpeng Zhang,"CB,RB"
4702,Roberto Román Triguero,"RB,LB,RWB"
4705,Ivan Martić,RB
4712,Benno Schmitz,"RB,CB"
4720,Jonás Gutiérrez,"CM,LM,RB"
4727,Kyle Naughton,"RB,LB"
4729,Alexis Saelemaekers,"RW,RB"
4732,Mike te Wierik,"CB,RB"
4735,José Luis Gómez,"RB,RWB"
4765,Marlon Piedrahita,RB
4780,Fernando Torrent,RB
4782,Mahmoud Alaa,"CB,RB,LB"
4793,Stefano Magnasco,"RB,LB"
4804,Casper De Norre,"LB,LM,RB"
4809,Jony Allison Reitosa Ribeiro,RB
4812,Laureano Sanabria Ruiz,RB
4817,Kouadio-Yves Dabila,"CB,RB"
4827,Luciano Renato Barbosa Baumer,"CB,RB"
4828,Ronaël Pierre-Gabriel,"RB,LB"
4838,Francisco José Molinero Calderón,"LB,RB"
4849,Hiram Mier,"CB,RB"
4850,Saidy Janko,RB
4858,Kevin Mac Allister,"LB,RB"
4872,Reece Burke,"CB,RB"
4879,Strahil Popov,RB
4886,Miguel Ángel Garrido Cifuentes,"RB,RWB"
4887,Antonio Balzano,"RB,RM"
4900,Dennis Appiah,"RB,RM"
4902,Miguel Angel Torrén,"CB,RB"
4906,Kelvin Leerdam,"RB,LB"
4918,Tom Schütz,"CDM,RB"
4920,Carlos Akapo Martínez,"RB,LB"
4924,Ahmed Elmohamady,"RB,RM"
4954,Romario Benzar,RB
4957,Pedro López Muñoz,RB
4963,Stergos Marinos,"RB,RM,RWB"
4974,Juan Angulo,RB
4982,Mikael Lustig,"RB,CB"
4991,Keegan Rosenberry,RB
4995,Stuart Dallas,"RB,RM,LM"
5005,Calmon Wergiton do Rosário,"RB,CM,RWB"
5008,Atsuto Uchida,"RB,RWB"
5014,Johan Larsson,RB
5034,Fabio Depaoli,"RB,RM"
5046,Alexis Ruano Delgado,"CB,RB,LB"
5058,Stephen O'Donnell,RB
5060,Tomás Guidara,"RB,RWB"
5067,Paulo Sérgio Mota,RB
5085,Nicolás Romat,RB
5098,Vinicius Lúcio Trieiro Lobato,RB
5101,Luis Jesús Pérez Maqueda,"RB,RM"
5108,Jailson Pietro Oliva Chiamulera,RB
5116,Gary Kagelmacher,"CB,RB"
5132,Koki Anzai,"RB,LB"
5142,Zarek Valentin,"LB,RB,CB"
5150,Graham Zusi,RB
5155,José Antonio Madueña,RB
5167,Jack Stacey,RB
5175,Matty Cash,"RM,LM,RB"
5200,Jack Hunt,"RWB,RB"
5204,Lukas Klünter,"RB,CB"
5207,Andrew Farrell,"RB,CB"
5227,Iván Pillud,"RB,RWB"
5229,Brice Dja Djédjé,"CDM,RB"
5230,Josecarlos Van Rankin,"RB,RWB"
5246,Mohamed Dräger,"RB,RM"
5251,Raffaele Pucino,"RB,CB,RM"
5262,Jeremy Dudziak,"RB,CDM,LB"
5267,Yong Lee,RB
5270,Cheick Traoré,RB
5272,Steeve Yago,"RB,CB"
5276,Vasile Mogoș,"RB,RM"
5282,Simone Iacoponi,"RB,CB"
5285,Moritz Kuhn,RB
5290,Carl Jenkinson,RB
5293,Bjørn Paulsen,"CB,RB"
5301,Darnell Fisher,"RB,LB"
5322,Sebastian Jung,RB
5339,Mykola Matvienko,"CB,RB,LB"
5340,Andoni Gorosabel Espinosa,RB
5343,Necip Uysal,"CDM,CB,RB"
5346,Dimitri Cavaré,RB
5353,Michael Smith,"RB,CB,RWB"
5387,Mirko Drudi,"CB,RB"
5395,Rafael Jesús Navarro Mazuelos,"RB,RWB"
5404,Andreas Vindheim,"RWB,RB"
5419,Matías Navarrete,"CB,RB"
5425,Jaílson de Lima Araújo,RB
5429,Ricardo van Rhijn,"RB,CB"
5432,Ryota Nagaki,"RB,CM,CDM"
5468,Matías Rodríguez,RB
5472,Shintaro Kurumaya,"LB,CB,RB"
5479,Isaac Carcelén Valencia,"RM,RB"
5484,Javier Moyano Lujano,RB
5494,Robert Gumny,RB
5497,Dmitriy Zhivoglyadov,"RWB,RB,CB"
5503,Aleandro Rosi,"RM,RB"
5519,Reggie Cannon,RB
5526,Fernando Meza,"CB,RB"
5538,Tom Clarke,"CB,RB"
5554,Alessandro Salvi,"RB,LB,RM"
5558,Carlos Arboleda,"RB,RM"
5561,Marnon Busch,"RB,RM"
5580,Dagoberto Josué Pinho Parrela,"RB,RWB"
5589,Rodrigo Tarín Higón,"CB,RB"
5603,Bernardo Joshua Mota Damasco,"RB,RM"
5613,Iván Rodríguez del Pozo,RB
5621,Elliott Bennett,"RB,LM,RM"
5622,Ivo Daniel F. Mendonça Pinto,RB
5627,Rodrigo Echeverría,"CB,CM,RB"
5632,Cuco Martina,"RB,LB"
5641,Ertuğrul Ersoy,"CB,RB"
5655,Alessio Castro-Montes,"RB,RM"
5660,Álvaro Lemos Collazo,"RB,RM"
5666,Rhyan Grant,RB
5683,Gabriel Carrasco,"RB,CB"
5685,David Simón Rodríguez Santana,RB
5703,Jacob Une Larsson,"CB,RB"
5706,Kee Hee Kim,"CB,RB"
5709,Przemysław Szymiński,"CB,RB"
5715,Philipp Klingmann,"RB,RWB"
5716,Mërgim Vojvoda,RB
5717,Stelios Kitsiou,"RB,RWB"
5731,Carlos Guzmán,RB
5750,Denis Odoi,"CB,RB"
5760,Francesco Zampano,"RM,RB"
5773,Guillermo Varela,RB
5786,Nabil Dunga,"CDM,CM,RB"
5790,Joel Andersson,"RWB,LWB,RB"
5817,Franz Schultz,"RB,CM,RM"
5818,Issam Chebake,"RB,LB"
5838,Ruben Gabrielsen,"CB,RB,LB"
5842,Yan Valery,"RWB,RB"
5846,Veysel Sarı,"CB,RB"
5848,Daniel Opare,"RB,CDM"
5853,Hernán De la Fuente,"RB,RWB"
5864,Claudiu Belu-Iordache,RB
5895,Levent Gülen,"CB,RB,LB"
5906,Philipp Ziereis,"CB,RB"
5909,Francisco Gámez López,RB
5914,Erdem Özgenç,RB
5926,Bruno Araújo dos Santos,"RB,LB"
5927,Samuel Thomas Carvalho Melo,RB
5931,Sandy Walsh,"RB,LB,CDM"
5932,Jaime Frederico Cavaco Dorta,RB
5944,José Lionn Barbosa de Lucena,RB
5948,Tobias Pachonik,RB
5956,Uğur Uçar,"RB,LB"
5958,Nicolás Tripichio,"RB,RM"
5965,Nathan Byrne,"RB,RM"
5967,Tae Hwan Kim,"RB,RW"
5973,Leonardo Godoy,"RB,RWB"
5990,José Moya,"CB,RB"
5992,Nikolay Rasskazov,"RB,LB"
5995,Thorsten Schick,"RB,RM,LM"
6000,Miao Tang,"RWB,RB,RM"
6009,Alberto Almici,"RB,RM"
6017,Kevin Diks,RB
6028,Luca Bittante,"RB,LB,RM"
6031,Yangel Herrera,"CM,CDM,RB"
6041,Stefano Sabelli,RB
6042,Martin Konczkowski,"RM,RB"
6044,Aldo Corzo,"RB,RWB"
6049,Àngel Rangel Zaragoza,RB
6051,Fang Mei,"CB,RB"
6059,Benedikt Saller,"RB,CM"
6088,Sílvio Manuel Ferreira Sá Pereira,"LB,RB"
6093,Jérémy Cordoval,RB
6097,Lorenzo Venuti,"RB,LB"
6105,Ventura Alvarado,"CB,RB"
6109,Jan Gyamerah,"RB,CB"
6114,Osvaldo Bosso,"RB,RM"
6118,Jakub Rzeźniczak,"CB,RB"
6130,Bart Nieuwkoop,RB
6143,Shay Logan,"RB,RWB"
6145,Jonathan Rivierez,"RB,CB,LB"
6146,Alessandro Crescenzi,"RB,LB,RM"
6152,Kevin Vázquez Comesaña,RB
6156,Chaker Alhadhur,"LB,RB"
6165,Jayden Bogle,RB
6174,Gabriel Rodrigues de Moura,RB
6193,Laurent Abergel,"CDM,RB,CM"
6194,Jannik Dehm,RB
6210,Deyovaisio Zeefuik,RB
6237,Moses Odubajo,"RB,LB"
6249,James Justin,"RB,LB"
6252,Guillermo Soto,"RB,CB"
6268,Eric Lichaj,"RB,LB"
6270,Chengdong Zhang,"RM,RB"
6280,Paulo Magalhães,"RB,CB"
6288,Jair Palacios,"RB,CB"
6292,Paweł Olkowski,"RB,RWB"
6298,Steven Beitashour,RB
6312,Marcello Gazzola,RB
6325,Conor McLaughlin,"RB,RWB"
6326,Cristian Gamboa,RB
6329,Mario Osuna,"RB,CDM"
6331,Tiago Lopes,RB
6332,Jesús Murillo,"CB,RB"
6335,Aleš Matějů,"RB,LB"
6337,Davy De fauw,"RB,CB"
6353,Auro Alvaro da Cruz Junior,"RB,RWB,RM"
6377,Marius Bülter,"LW,RM,RB"
6380,Hidemasa Morita,"CDM,RB"
6382,Marko Vešović,"RB,RM"
6384,Pedro Miguel Lopes Pereira,"RM,RWB,RB"
6387,Johan Kappelhof,"CB,RB"
6409,Diego Johannesson,"RB,RWB,RM"
6421,Clément Michelin,RB
6422,Souleymane Karamoko,RB
6425,Stefano Celozzi,"RB,CDM,RWB"
6427,Andre Wisdom,RB
6433,Matteo Ciofani,"RB,RM"
6438,Shaquell Moore,RB
6441,Salih Dursun,"CB,RB"
6455,Laurent Jans,RB
6457,Paul Seguin,"CDM,RB"
6472,Riccardo Fiamozzi,RB
6474,Nick Lima,"RB,LB"
6492,Silvan Hefti,"RB,CB"
6498,Lorenzo Del Prete,"RB,CB,RM"
6522,Alex Ferrari,"RB,CB"
6539,Danilo Aparecido da Silva,"CB,RB"
6557,Fernando Lewis,"RB,CB"
6558,Espen Ruud,RB
6560,Will Johnson,"CDM,RB"
6564,Yevhen Opanasenko,"RB,LB"
6608,Callum Connolly,"CDM,CM,RB"
6610,Larry Azouni,"RB,CM,CDM"
6620,Luís Miguel Lopes Mendes,RB
6626,Emidio Dener Hoffman Vaz,"CB,RB"
6650,Patrick Farkas,"RB,LB,RM"
6659,Jalal Daoudi,"CDM,RB,CB"
6668,Leandro Bacuna,"CDM,CM,RB"
6676,Unai Medina Pérez,RB
6679,Sei Muroya,"RB,RWB"
6706,Roberto Antonio Correa Silva,RB
6707,Mahlon Romeo,RB
6719,Emmanuel Hackman,RB
6723,Kamil Çörekçi,RB
6728,Martin Cranie,"CB,RB"
6729,Vágner Nilson Norteiro Brito,RB
6749,Piotr Celeban,"CB,RB"
6763,Brendan Hines-Ike,"CB,RB"
6774,Vincent Rüfli,"RB,LB"
6778,Jules Van Cleemput,RB
6788,Immanuel Höhn,"CB,RB"
6802,David Dias Resende Bruno,RB
6803,Sergio Mosquera,"CB,RB"
6805,Gerard Valentín Sancho,"RB,RM,RWB"
6811,Ashley Richards,"RB,LB,RWB"
6812,Yutaka Yoshida,"LB,RB,LM"
6824,Jonathan Delaplace,"CM,RB"
6842,Ángel Bastos Teijeira,"LB,RB"
6864,Dominic Iorfa,"RB,CB"
6882,Ondřej Zahustel,"RB,RM"
6889,Simone Benedetti,"CB,RB"
6899,Sebastian Nachreiner,"CB,RB"
6911,Yang Yu,"CB,RB"
6919,Todd Kane,RB
6920,Omar Gaber,"RB,RM,LB"
6923,Filip Stojković,"RB,LB,CB"
6928,Ryan Hollingshead,"LB,RB,RM"
6930,Alexandru Mățel,RB
6940,Georg Teigl,"RB,RWB,RM"
6947,Cédric Brunner,"RB,CB"
6948,Anselmo Túlio Meirás Abrão,RB
6956,Mihai Butean,"RB,RM"
6968,Riku Matsuda,"RB,RM"
6985,Nosberto Diego Vila Abranches,"RB,RWB,RM"
6987,Eulânio Ângelo Chipela Gomes,RB
6993,Pasquale Mazzocchi,"RB,RM,LB"
6999,Florian Klein,"RB,RM"
7027,Mert Müldür,"RB,CB"
7033,Federico Gino,"CM,RB,CDM"
7043,Juan Escobar,"CB,RB"
7054,Kauã Ricardo Zanon Bardini,"CB,RB"
7069,Valery Fernández Estrada,"LM,RB,RWB"
7071,Lorenzo Dickmann,"RB,RM"
7073,Thamsanqa Mkhize,"RB,CB,CDM"
7086,Niklas Kreuzer,"RB,RM,LM"
7097,Tom Hiariej,"CDM,CM,RB"
7112,Francisco Campos Coll,"CB,RB"
7113,Jesús Paganoni,RB
7128,Shenchao Wang,"RB,RM,CB"
7134,Efraín Juárez,RB
7135,Daisuke Suzuki,"CB,RB"
7143,Marco Moscati,"CM,RB,RM"
7148,Juan Arboleda,RB
7157,Chris Solly,"RB,LB"
7158,Kyohei Noborizato,"LB,LM,RB"
7165,Lee Peltier,RB
7200,Julio José Pleguezuelo Selva,"CB,RB"
7202,Joffrey Cuffaut,"RWB,RB"
7212,Manuel Castellano Castro,"RB,CB"
7217,Ivan Lakićević,RB
7227,Bashkim Ajdini,"RB,RM"
7232,Lorenzo Laverone,"RB,RM"
7234,David Gray,"RB,RWB"
7235,Bandar Al Ahbabi,"RB,RM"
7237,Damian Zbozień,RB
7249,Franco Escobar,"RB,CB,RWB"
7259,Won Il Kim,"CB,RB"
7279,Maximilian Sauer,"RB,RM,RWB"
7281,Hidde ter Avest,"RB,RM"
7284,Darnell Furlong,"RB,CB"
7295,Emil Salomonsson,"RWB,RB,RM"
7298,Jaime Gómez,"CM,CDM,RB"
7303,Richard Tait,"RB,LB,LM"
7333,Gonzalo Ávila Gordón,"RM,RB,RWB"
7336,José Antonio Caro Martínez,"CB,RB"
7337,Caner Osmanpaşa,"CB,RB"
7364,Gastón Díaz,RB
7374,Vegar Eggen Hedenstad,RB
7375,Adrien Monfray,"CB,RB"
7376,Fabian Kalig,"CB,RB"
7378,Emanuel Sakic,"RB,RM,CDM"
7382,Chris Cadden,"RM,RB,CM"
7388,Zeki Yavru,"RB,CDM"
7402,Laurent Dos Santos,"RB,LB,LWB"
7410,Sheldon Bateau,"CB,RB"
7414,Kazuya Miyahara,"RB,CB,CM"
7436,Gustavo Velázquez,"CB,RB"
7437,Alejandro Contreras,"CB,RB"
7439,Junio Ricardo da Rocha,RB
7459,Jordan Silva,"CB,RB"
7476,Glenn Bijl,"RB,CM,CDM"
7481,Cristian Arrieta,RB
7483,Alexandre Coeff,"CDM,CB,RB"
7490,Aleksandar Ignjovski,"RB,CDM,LB"
7492,Luca Ghiringhelli,"RB,LB,RM"
7495,Barnabás Bese,RB
7502,Barış Yardımcı,"RB,CB"
7513,Gianluca Ferrari,"CB,RB"
7517,Kevin Großkreutz,RB
7553,Ignacio Pallas,"CB,RB"
7563,Samuele Birindelli,"RB,CB,RM"
7571,Matías Catalán,RB
7594,Lloyd Palun,RB
7596,Ataúlfo Heitor Anjos Rosan,RB
7607,Matthew Pennington,"CB,RB"
7611,Fabian Koch,"RB,RM,CB"
7617,Vladimir Loroña,"RB,RWB"
7625,Fabiano Leismann,RB
7626,Orhan Ovacıklı,RB
7640,Fabián Viáfara,RB
7660,Helio Paulo Caldeira Andrade,RB
7662,Bartosz Rymaniak,"RB,RWB"
7663,Marco Modolo,"CB,RB"
7670,José Joaquín Martínez,RB
7675,Adam Matthews,RB
7696,Felix Passlack,"RB,RM,LB"
7706,Sebastian Mladen,RB
7720,Ross McCrorie,"CDM,CB,RB"
7721,Jonathan Clauss,"RB,RM"
7753,Otar Kakabadze,RB
7760,Nicolas Frey,"RB,RM"
7770,Cornel Râpă,RB
7774,Ismael Casas Casado,RB
7776,Mark van der Maarel,"LB,CB,RB"
7792,Konstantin Engel,"LB,RB,CB"
7793,Adam Straith,"CB,CDM,RB"
7797,Mamadou Bagayoko,"RB,RWB"
7800,Neal Eardley,RB
7804,Leandro Marín,"RB,RM,CB"
7819,Lars Vilsvik,RB
7820,Jon Flanagan,"LB,RB"
7821,Declan Gallagher,"CB,RB"
7845,Camilo Rodríguez,RB
7866,Aslak Fonn Witry,RB
7872,Marvin Ajani,"RM,LM,RB"
7874,Frederik Holst,RB
7896,Sultan Abdullah Al Ghannam,RB
7904,Cristian Díaz,"RB,LB"
7905,Jakub Wójcicki,"RB,RM"
7911,Mickaël Alphonse,RB
7927,Alpha Sissoko,"RB,LB"
7946,Nick DeLeon,"RM,LM,RB"
7960,José Antonio Romera Navarro,RB
7977,Jonathan Sandoval,RB
7986,Mathieu Deplagne,"RB,LB"
7999,Marcin Pietrowski,RB
8002,Luca Zander,RB
8005,George Corral,RB
8015,Ke Li,"CM,CDM,RB"
8021,Nahuel Tenaglia,"RB,CB"
8028,Daniel Clayton Branco Julião,RB
8052,Lucas Akins,"ST,RB,RM"
8079,Gilberto García,"RB,RWB"
8080,Zoran Arsenić,"CB,RB"
8083,Ryan Nyambe,"CB,RB"
8084,Chris Antônio Farminhão Dias,"CB,RB"
8106,Gabriel Enache,"RM,RB"
8113,José Bizama,"RB,CB"
8114,Reeve Frosler,"RB,LB"
8126,Amin Nouri,RB
8131,Marvin Potzmann,"LM,LB,RB"
8155,Patrick Herrmann,RB
8160,Brooks Lennon,"RB,RW,LW"
8163,Pape Paye,"RB,LB,RWB"
8178,Paris Adot Barandiaran,"RB,LB,RM"
8182,Hassan Muath,"RB,RM"
8188,Israel Jiménez,RB
8191,Jason Lowe,"CDM,CM,RB"
8193,Lukas Boeder,"RB,CB"
8196,Augusto Barrios,"RB,RM,CB"
8217,Sergio Blázquez Sánchez,RB
8223,Joe Rafferty,"RB,RWB"
8225,Daniel Cardoso,"CB,LB,RB"
8230,Dylan Gissi,"CB,RB"
8239,Iriome González González,"RM,RW,RB"
8250,Reece Oxford,"CB,CDM,RB"
8251,Brian Torrealba,"RB,CB"
8258,Genta Miura,"CB,RB"
8305,Aliou Cissé,"CDM,RB,LB"
8306,Robert Lundström,"RWB,RB"
8307,Eric Curbelo de la Fe,"RB,CB"
8315,Joaquim Claude Gonçalves Araújo,"CDM,RB,CM"
8323,Andreas Landgren,"CDM,RB"
8326,Juan Pablo Gómez,RB
8337,Pablo Álvarez,"RB,LB"
8389,Ryoya Ogawa,"LB,LWB,RB"
8400,Mato Miloš,RB
8404,Luke O'Nien,"RB,CM"
8408,Jefferson Nogueira Junior,"CM,CDM,RB"
8420,Tosin Adarabioyo,"CB,RB"
8427,Giovanni Troupée,RB
8434,Matthias Bader,"RB,RM"
8438,Sergiño Dest,"RB,LB"
8456,Valentin Crețu,RB
8463,Julián Javier Delmás Germán,RB
8464,Alex Sola López-Ocaña,RB
8488,David Carmona Sierra,"RB,RWB"
8489,Alexandre Reis Pinto,RB
8501,Adedeji Oshilaja,"CB,RB"
8507,Daigo Nishi,"RB,RWB,RM"
8509,Fernando Manuel Ferreira Fonseca,RB
8513,Linus Wahlqvist,"RM,RWB,RB"
8514,Tomás Asta-Buruaga,"CB,RB"
8516,Alan Mozo,RB
8522,Moreno Rutten,"RB,CDM"
8523,Diego Bejarano,"RB,RWB,CDM"
8552,Aitor Buñuel Redrado,"RB,RWB,RM"
8559,Nathan Thompson,RB
8561,Juan Zuluaga,RB
8569,Phil Neumann,"CB,RB"
8571,Michael Boxall,"CB,RB"
8575,Josh Williams,"CB,RB"
8579,Robert Strauß,RB
8595,Raoul Bellanova,RB
8600,Diogo dos Santos Cabral,RB
8603,Diego Díaz,"CB,RB"
8627,Fabio Kaufmann,"RM,RWB,RB"
8645,Jérémy Mellot,"RB,RWB"
8661,Jason McCarthy,RB
8670,Héctor Berríos,"RB,RM"
8672,Pierre Gibaud,"RB,CB"
8675,Hanwen Deng,"RB,LB"
8681,Tayfur Bingöl,"RM,LM,RB"
8685,Kaio Jesus Aldair Porto,"RB,RM"
8686,Yhormar Hurtado,RB
8689,Bill Tuiloma,"CB,CDM,RB"
8690,Thomas Deng,"CB,RB"
8691,Damil Dankerlui,"RB,LB,RW"
8703,Mateo Sušić,RB
8709,Raphael Framberger,"RB,RWB"
8710,Joan Campins Vidal,"RB,RWB,RM"
8718,Jan-Philipp Kalla,"RB,LB,RM"
8720,Asavela Mbekile,"RB,CDM,CM"
8724,Isaac Donkor,"CB,RB"
8727,Anfernee Dijksteel,RB
8729,Se Gye Sin,"RB,CDM"
8739,Sebastian Mrowca,"CDM,CB,RB"
8759,Walmer Pacheco,"RB,RM"
8762,Jordan Beyer,"RB,CB"
8778,Liam Palmer,"RB,LB"
8780,Matt Polster,"RB,CDM"
8797,Simon Sandberg,"RB,CB"
8798,Tom Edwards,"RB,RWB"
8804,Karlo Bartolec,"RB,RM"
8827,Hector Jimenez,"LB,RB,LM"
8828,Dave Romney,"CB,LB,RB"
8829,Luca Vignali,"RB,CM"
8832,Jur Schryvers,"RB,CDM,RWB"
8836,Mario Pavelic,"RB,RM"
8839,Lamine Gassama,RB
8840,Jérôme Hergault,RB
8841,Mads Døhr Thychosen,RB
8847,Mario Šitum,"LM,RM,RB"
8866,Ezequiel Bonifacio,"RB,RWB,RM"
8872,Paolo Ghiglione,"RM,RB"
8875,Pasquale Fazio,"RB,RM,CB"
8877,Ibrahima Sory Sankhon,"CB,RB,CDM"
8880,Daniel Giraldo,"CDM,CM,RB"
8882,Julian Ryerson,"RB,CDM,RM"
8902,Bart Straalman,"CB,RB"
8903,Lucas Ahijado Quintana,"RB,RM"
8916,Jason Naismith,"RB,CB"
8918,Elohor Godswill Ekpolo,RB
8930,Salvador Ferrer Canals,"RB,CB"
8933,Connor Lade,"RB,LB"
8936,Rolf Feltscher,"RB,LB"
8939,Tommy Thompson,"RB,RM,CM"
8943,Sang Woo Kang,"LB,RB"
8983,Israel Alba,RB
8992,Joshua Emmanuel,RB
8996,Łukasz Burliga,RB
9005,Alvas Powell,RB
9025,Dion Malone,"RB,CDM"
9039,Xiang Ji,RB
9048,Réginal Goreux,RB
9057,Lutsharel Geertruida,"CB,CDM,RB"
9061,Jack Hendry,"CB,RB"
9063,Taijo Teniste,"RB,RWB"
9065,Danilo Acosta,"LB,RB,LWB"
9067,Bafodé Diakité,"CB,RB,RWB"
9078,Sergio López Galache,RB
9094,Narcisso Elias Mau de Faria,"LB,RB"
9099,Sergiy Bolbat,RB
9109,Mateusz Wieteska,"CB,RB"
9118,João Rodolfo Botelho Maia,RB
9125,Yulián Anchico,"CM,RB,CDM"
9128,Oscar Ribera,RB
9133,Ju Sung Woo,"RB,CB,LB"
9138,Almir Soto,"RB,CM,RM"
9147,Morris Schröter,"RM,RB"
9148,Łukasz Broź,"RB,LB"
9149,Edenildo Eloi Lagoas Regalo,"RB,CB"
9167,Alfred Ndengane,"CB,CDM,RB"
9171,Takuya Wada,"RB,LB"
9172,Juan José Nieto Zarzoso,RB
9174,Nathan Ferguson,"CB,RB"
9178,Jesper Bøge,"RB,CB"
9197,Saeed Al Muwallad,RB
9220,Raimundo Rebolledo,"RB,LB"
9225,Jens-Martin Gammelby,RB
9242,Damián Schmidt,"CB,LB,RB"
9270,Alberto Acosta,"RB,LB,CM"
9273,David Gómez,"RB,LB,LM"
9282,Sean Gannon,RB
9291,Kane Vincent-Young,"LB,LWB,RB"
9294,Jonathan Lopera,"CB,RB"
9298,Nahuel Yeri,"CM,RB,RM"
9303,Kebba Ceesay,"CB,RB"
9306,Loris Néry,"RB,LB"
9309,Simón Ramírez,RB
9325,Andreas Wiegel,"RB,RM"
9330,Julio Cascante,"CB,RB"
9339,Fahd Moufi,RB
9340,Houboulang Mendes,RB
9342,Emanuel Iñíguez,RB
9349,Marc Hornschuh,"CB,RB,CDM"
9362,Nzuzi Toko,"CM,CDM,RB"
9366,Jason Demetriou,"RB,RWB"
9374,Happy Jele,"CB,RB"
9375,Alex Vigo,RB
9376,Herbert Bockhorn,"RB,LB,RM"
9378,Henry Obando,RB
9384,Huan Fu,"RB,LB"
9388,Patrick Göbel,"RB,RWB,RM"
9410,Maximiliano Caufriez,"CB,RB"
9415,Bartosz Kopacz,"RB,CB"
9422,Nils Butzen,"RM,RWB,RB"
9427,Nahuel Molina,"RB,RWB"
9429,Edson Gutiérrez,RB
9432,Ken Matsubara,"RB,CB,RM"
9436,Gaëtan Paquiez,"LB,RB,CDM"
9438,Rafael Scapini de Almeida,"CB,RB"
9445,Luciano Gómez,"RM,CM,RB"
9450,Wes Harding,"RB,CB"
9454,Stephan Zwierschitz,"RB,CB"
9468,Damien Dussaut,RB
9473,Alex Baptiste,"CB,RB"
9482,Stefan Glarner,RB
9483,Tim Breukers,RB
9492,Markus Ballmert,"RB,CDM"
9498,Kei Koizumi,"RB,CM,CDM"
9524,Felix Beijmo,"RWB,RB"
9528,Thibaut Peyre,"CB,RB"
9535,Maximilian Ahlschwede,"RB,CB,RM"
9543,Christian Schwegler,RB
9552,Marco Thiede,RB
9553,Jakub Bartkowski,RB
9558,Gauthier Pinaud,"LB,RB,LWB"
9562,Alan Czerwiński,"RB,RWB,RM"
9571,Fankaty Dabo,RB
9590,Ntsikelelo Nyauza,"RB,CB,CDM"
9604,A.J. DeLaGarza,"RB,CB"
9611,Marius Martac,RB
9619,Raymon Gaddis,"RB,LB"
9621,Nicolas Saint-Ruf,"CB,RB"
9625,Mateo Carabajal,"RB,CB,CDM"
9627,Younn Zahary,"CB,RB"
9632,Kohei Shimizu,"LM,RB,CB"
9637,Josha Vagnoman,"LB,LM,RB"
9643,Frederic Ananou,"RB,CB,RM"
9646,Facundo Nadalín,RB
9654,Peter Nymann,"RB,RM"
9668,Peter Kurzweg,"LB,LM,RB"
9670,Paul Papp,"RB,CB,LB"
9681,Benjamin Kessel,"RB,CB"
9690,Juan Carlos Espinoza,"RB,LB"
9691,Fco. Javier Hidalgo Gómez,"RB,RM,LM"
9696,Nico Antonitsch,"CB,RB"
9700,Chris Gunter,"RWB,LWB,RB"
9702,Eduard Campabadal Claros,"RB,LB"
9731,Johnny Thomsen,RB
9732,Derik Osede Prieto,"CB,RB"
9744,Mingjian Zhao,"RB,RM"
9763,Jakob Nerwinski,RB
9781,Angelo Corsi,"RM,RB,RWB"
9783,Paweł Stolarski,"RB,RM"
9794,James Bree,RB
9806,Björn Kopplin,"LB,RB,RM"
9807,Steven Whittaker,"RB,CM"
9809,Simon Lorenz,"CB,RB,CDM"
9817,Tarık Çamdal,"LB,RB"
9821,Jamie Shackleton,"CM,RB"
9836,James Castro,"RB,RM"
9851,Seung Yong Jung,"LB,LM,RB"
9860,Kristoffer Haraldseid,RB
9864,Alexander Juel Andersen,"RB,CB"
9880,João Aniceto Grandela Nunes,"CB,RB"
9887,Billy Jones,RB
9901,Francesco Belli,"RB,RM"
9902,Quentin Maceiras,"RWB,RB"
9910,Freek Heerkens,"CB,RB,LB"
9914,Khalid Karami,RB
9918,Mthokozisi Dube,RB
9928,Robin Becker,"CB,RB"
9935,Suk Young Yun,"LB,CB,RB"
9936,Adrià Gallego Arias,RB
9945,Carlens Arcus,RB
9960,Alexander Munksgaard,RB
9961,Ho Ik Jang,"RM,RB"
9968,Alexander Bah,"RM,RB"
9975,Víctor Giraldo,"RM,RB"
9977,Patrick Kammerbauer,"CDM,RB"
9998,Darko Todorović,"RB,RM,LB"
10000,Manuel Sánchez García,RB
10028,Nicky Devlin,RB
10032,Sergio Ruiz Alonso,"CDM,RB,CM"
10048,Koji Hachisuka,"RB,RM"
10057,James Clarke,"CB,RB"
10059,Luis Pedro Figueroa,"RM,RB,RW"
10077,Radoslav Dimitrov,RB
10079,Christian Kum,"RB,CB,LB"
10083,Baher El Mohamady,"CB,RB,RM"
10094,Matthew Connolly,"RB,CB"
10099,José Luis Rodriguez,RB
10124,Julian Lelieveld,RB
10133,Jaime Soto,RB
10137,Carlos Orrantía,"RB,RM"
10145,Aliou Coly,"RB,CB"
10152,Rikuto Hirose,"RB,LB"
10153,Tawfiq Bu Haymid,"LB,RB"
10166,Patrick Salomon,"CM,CDM,RB"
10172,Joe Ward,"RM,RB,LM"
10174,Tomás Franco Tavares,RB
10176,Mauro Coppolaro,"RB,CB"
10191,Deian Sorescu,"RB,RM"
10205,Juriën Gaari,RB
10224,John Brayford,"RB,CB"
10235,Jin Ya Kim,"LB,RB"
10270,Harrison Delbridge,"CB,RB"
10274,Martin Angha,"CB,LB,RB"
10308,Gonçalo Glórias Tavares,RB
10310,Kortne Ford,"CB,RB"
10318,Ryan Jackson,"RB,RWB"
10323,Rodrigo González,"RM,RB"
10325,Markus Holgersson,"CB,RB"
10330,David Murillo,RB
10336,Rodrigo Arciero,"RB,LB"
10353,Guillermo Pacheco,RB
10355,Tristan Dekker,RB
10361,Serge Leuko,"RB,LB"
10376,Clévid Dikamona,"CB,RB"
10413,Julian Schauerte,RB
10435,Harold Gómez,RB
10439,Omar Mendoza,RB
10446,Sido Jombati,"CB,RB"
10458,Mark Little,"RB,RWB"
10461,Martin Lorentzson,"CB,RB"
10462,Aqeel Al Sahabi,"CB,RB"
10464,Sai van Wermeskerken,"RB,LB"
10477,Lewie Coyle,RB
10490,Amir Kurdi,"RB,RM"
10504,Andy Cannon,"CM,RB,RM"
10516,Phil Ofosu-Ayeh,"RB,RWB"
10521,Jonathan Martins Pereira,RB
10523,Dominik Schad,"RB,RM"
10525,Aaron Herrera,"LB,RB"
10527,Michael Novak,"RB,LB"
10542,Ricardo José Varzim Miranda,RB
10544,Bambo Diaby,"CB,RB"
10549,Sandro Ingolitsch,"RB,RWB,RM"
10556,Tom James,"RB,LB"
10564,Jérôme Phojo,RB
10565,Lucas Rougeaux,"RB,CB"
10594,Sang Min Sim,"LB,RB"
10602,Jamie Hanson,"RB,CDM"
10612,Tomás do L. Pontes Esteve,RB
10628,Sebastian Bösel,"CM,CDM,RB"
10645,Hae Seong Kwak,RB
10652,Sherel Floranus,"RB,LB"
10717,Joe Riley,"RB,RWB"
10737,Víctor Retamal,RB
10752,João Diogo Fonseca Ferreira,RB
10773,Andreas Hanche-Olsen,"CB,LB,RB"
10778,Zhunyi Gao,"CB,RB,LB"
10781,Roberto Vitiello,"CB,RB"
10784,Andreas Lienhart,"RB,RWB,RM"
10785,Nicolas Hasler,"RB,RM,RWB"
10794,Daniel Semenzato,"RB,RW,RWB"
10800,Kazuaki Mawatari,"RB,LB"
10801,Tomoki Iwata,"CB,RB"
10805,Fabian Menig,"RB,RWB,RM"
10820,Gang Wang,"RB,RM"
10823,José Isidoro Gómez Torres,"RB,LB"
10832,Jae Suk Oh,"RB,LB"
10833,Siyabonga Ngezana,"CB,RB"
10839,Marlon Hairston,"RB,RWB,RM"
10841,Julien Dacosta,"RB,CB,LB"
10858,Felipe Román,"RB,RM"
10866,Dominic Ball,"CDM,RB"
10867,Matthew Millar,"RB,RWB"
10885,Alessandro Ciranni,"RB,RWB"
10886,Scott Sutter,"RB,RWB"
10913,Sebastian Ohlsson,"RB,RWB,RW"
10941,Mikkel Desler,"RB,RM"
10942,René Bugueño,"RB,CB"
10945,Jelle Bataille,"RB,RW"
10956,Nilson Castrillón,RB
10975,Yong Hwan Kim,"LB,LM,RB"
10977,Boris Sekulić,RB
10980,Thibaut Vion,"RB,RM,ST"
10983,Kgotso Moleko,"RB,RM,CB"
11007,Benjaloud Youssouf,"RB,LB,RM"
11008,Tyronne Ebuehi,RB
11025,Eric Miller,"RB,LB,LWB"
11068,Niklas Gunnarsson,"RB,CB"
11076,Ryan McGowan,"CB,RB"
11090,Taylor Moore,"CB,RB"
11117,Bastián San Juan,"CB,RB"
11131,Chang Soo Kim,"RB,RWB"
11135,Saad Abdul-Salaam,"RB,LB"
11142,Richard Ruiz,"RB,LB"
11144,Nathan De Medina,"CB,RB"
11150,Gilli Rólantsson,"LW,RB,LB"
11154,Alberto Gerbo,"RM,CM,RB"
11156,Gustavo Hamer,"RB,CDM"
11160,Stephan Auer,"RB,CDM,LB"
11161,Lewis Ochoa,RB
11163,Florian Carstens,"CB,RB"
11167,Dujon Sterling,RB
11168,Eloge Yao,"CB,RB"
11175,Navajo Bakboord,RB
11186,André Danielsen,"CDM,CM,RB"
11202,Haithem Loucif,RB
11223,Allison Alan Peixoto Gomes,"CB,RB"
11227,Joyskim Dawa Tchakonte,"CB,RB"
11235,Louis Fenton,"RB,RWB"
11236,Daniel Anyembe,RB
11252,Daniel Granli,"CB,RB,LB"
11263,Sean Hoare,"CB,RB"
11266,Richard Foster,"RB,RWB"
11267,Janoi Donacien,"LB,RB"
11271,Fatih Aksoy,"CB,RB"
11273,Óscar Gil Regaño,RB
11278,Nico Neidhart,"LB,RB"
11290,Adam Andersson,"LB,RB"
11295,Yonathan Andia,"RB,CM"
11296,Arthur Silva Feitoza,"CDM,CM,RB"
11298,Karol Fila,RB
11300,Junjian Liao,"RB,CB"
11303,Khalid Ahmed Al Ghamdi,RB
11323,Barry Fuller,"RB,LB"
11325,Edgar Zaldívar,"CDM,RB"
11333,Niall Mason,"RB,LB"
11346,Jordan Clarke,RB
11347,Oliver Turton,"RB,LB,CM"
11349,Tao Jiang,"RB,RM"
11352,Mauricio Rosales,"RB,LB,LM"
11355,Pierce Sweeney,"RB,CB"
11357,Lucas Mancinelli,"RM,RB,CDM"
11358,Nama Fofana,"RB,RWB"
11361,Ziggy Gordon,"RB,CB"
11368,Honglue Zhao,"LB,RB,RM"
11374,Paulo Retre,"RB,RM,CDM"
11390,Michael Harriman,"RB,LB"
11397,Karl Larson,"RB,CB,RWB"
11401,Ritchie Kitoko,"RB,CDM,CAM"
11405,Joe Riley,"RB,RWB"
11421,Radu Boboc,RB
11438,Zak Vyner,"RB,CB"
11439,RJ Allen,RB
11443,Néstor Breitenbruch,"RB,CB"
11458,Mikel Iribas Aliende,"RB,RM,CDM"
11468,David Niepsuj,RB
11474,Aaron Calver,"CB,RB"
11477,Gédéon Kalulu,"RB,LB,CB"
11498,Anton Walkes,"RB,CDM,RWB"
11503,Scott Neville,RB
11506,Akeem Latifu,RB
11516,Luis Hernández,"CB,RB"
11522,Axel Bakayoko,"RW,RB"
11526,Faisal Darwish,"RB,RM"
11532,Michael Schimpelsberger,"RB,RWB"
11541,Robbe Quirynen,"RB,LB"
11544,Kwang Hoon Shin,"RB,CB"
11555,Guillem Jaime Serrano,"RW,RB"
11556,Carlos Julio Martínez,"RB,RM"
11562,Frans Dhia Putros,"CB,RB,LB"
11572,Saúl Torres,RB
11577,Charalambos Stamboulidis,"CB,RB,LB"
11582,Dominik Ernst,RB
11597,Ľubomír Šatka,"CB,RB"
11599,Jon Sillero Monreal,"RB,CB"
11611,Jack Hingert,RB
11622,Donervon Daniels,"CB,RB"
11630,Oliver Hein,"RB,CDM"
11632,Anthony Ralston,RB
11635,Sebastián Leyton,"CM,RB"
11649,Jeremias Lorch,"CDM,RB"
11651,Maxime Busi,"RB,RM"
11668,Brandt Bronico,"CDM,RB"
11672,Jorge Fernando dos Santos Silva,RB
11674,Dong Ho Jeong,"RB,LB"
11690,Matty Blair,"RB,RM,CM"
11701,Calum Woods,"RB,RWB,CB"
11727,Marcelo Ortíz,"CB,RB"
11737,Abdullah Al Shamekh,"LB,RB"
11745,Svenn Crone,RB
11754,Zachary Brault-Guillard,"RB,RWB"
11755,Magno José da Silva,RB
11758,Simon Handle,"LM,RM,RB"
11763,Oniel Fisher,"RB,LB"
11767,Mohammed Ahmed,"CB,RB"
11770,Brandon Bye,"RB,LB"
11772,Rafael António Figueiredo Ramos,RB
11785,Tim Björkström,"CB,RB,LB"
11788,Tarek Chahed,"RM,RB"
11798,Mariusz Pawelec,"CB,RB,LB"
11802,Amin Askar,RB
11819,Liam Shephard,"RWB,RB"
11820,Charlie Goode,"CB,RB"
11838,Carlos Isaac Muñoz Obejero,RB
11844,Manuel Thurnwald,"RB,RM,CB"
11865,Gabriel Simion,"RB,CM"
11868,Ethan Laird,"RB,LB,CB"
11874,Ashley Smith-Brown,"LB,RB"
11875,David Jablonský,"CB,LB,RB"
11882,Kostas Apostolakis,"RB,CDM"
11886,Gary Liddle,"CB,RB"
11901,Tong Wang,RB
11905,Felix Agu,"LB,RB,LM"
11910,Marcus Fraser,"CB,RB,LB"
11913,Michael Huber,"CB,CDM,RB"
11919,Callum Johnson,RB
11942,Tian Ming,"RWB,RB"
11967,Akim Zedadka,RB
11983,Isak Ssewankambo,"RB,CM"
11988,Rune Frantsen,"RB,ST,RM"
11991,Jason Hoffman,"RB,ST,RM"
12012,Adam Henley,"RB,LB"
12031,James Perch,"CDM,RB,CM"
12033,Ismael Govea,RB
12035,Francisco Carabalí,RB
12039,Jhonatan Pérez,RB
12044,Markus Schwabl,"RB,CDM"
12045,Ryota Moriwaki,"CB,RB,RM"
12046,Simon Strand,"LB,RB"
12047,Victor da Silva,RB
12050,Dirk Abels,"CB,RB"
12051,Simon Grether,"RB,LB,RM"
12055,Anthony Soubervie,"RB,RM"
12079,Shoma Kamata,"RB,LB"
12084,Marco Meyerhöfer,RB
12088,Andrei Peteleu,"RB,LB"
12104,Pascal Gregor,"CB,RB"
12105,Ignacio Agustín Sánchez Romo,"RM,RB"
12117,Yi-Young Park,"RB,LB,CDM"
12118,Clint Essers,RB
12122,Petar Golubović,"RB,CB"
12127,Nathaniel Atkinson,"RB,RM"
12135,Andrei Patache,RB
12138,Alexander Bittroff,"RB,LB"
12153,Yaseen Omar Barnawi,RB
12156,Josh Dacres-Cogley,"RB,CB"
12160,Michael Marrone,RB
12175,Jack Grimmer,RB
12181,Ryan McLaughlin,"RB,RM"
12187,James Bolton,"RB,RWB"
12192,Jake Caprice,RB
12194,Jordan Teze,"RB,CB"
12229,Elacio Córdoba,RB
12241,Adrian Winter,"RM,RB"
12243,Fabian Sporkslede,"RB,RWB"
12248,Aidi Fulangxisi,"CB,LB,RB"
12255,Elvis Bwomono,"RB,RWB"
12294,Paolo Medina,RB
12298,Ji Hoon Kang,RB
12303,Emanuel Aiwu,"CB,RB"
12305,Simen Rafn,"LB,RB"
12310,Ruan Gregório Teixeira,"RB,RWB"
12317,Mateu Jaume Morey Bauzá,RB
12332,Jon-Helge Tveita,RB
12344,Paul McGinn,"RB,RWB,RM"
12356,Nahuel Alberto Omiliani González,"LB,RB"
12357,Jesús Areso Blanco,RB
12371,Yerson Opazo,RB
12374,Masato Fujita,RB
12385,Anders Randrup,"RB,CB"
12389,Gabriel Matei,RB
12394,Chi Zhang,"RB,RM"
12401,Marius Mihalache,"CB,RB"
12411,Mike Gomes,"RWB,RB,RM"
12424,Abdullah Kanno,"CB,RB"
12426,Malcolm Badu,"RM,RWB,RB"
12428,Ulises Abreliano,RB
12434,Mounir Hamoud,"CB,LB,RB"
12436,Daniel Björnquist,"RWB,RB"
12439,Oğuz Ceylan,"RB,RWB"
12447,Yun Zhou,"RB,LB"
12462,Hao Rong,"LB,RB,RM"
12467,Yuya Hashiuchi,"CB,RB,RM"
12476,Shunya Mori,"RB,LB"
12501,Kerim Memija,"RB,RWB"
12509,Kevin Rendón,"CM,CAM,RB"
12518,Josh Clarke,"RWB,RB,LB"
12521,Quentin Bena,"CDM,RB"
12522,Andrés Solano,RB
12529,Sang Ki Lee,"RB,LW"
12536,Iván Calero Ruiz,"RB,RM,LM"
12556,Marcus Godinho,"RB,RWB"
12557,Alessandro Semprini,"RB,CB,RM"
12560,Nicolás Roa,"CM,RB"
12563,Yunqiu Li,"RB,LB"
12566,Luke Hendrie,"RB,LB,RWB"
12567,Michael Heinloth,RB
12581,Nikolai Alho,"RB,RM,RW"
12588,Stefan Gartenmann,"RB,CB"
12591,Dong Jin Park,"ST,CB,RB"
12595,Connor Maloney,"RB,LB"
12612,Kristoffer Pallesen,RB
12629,Mujaid Sadick Aliu,"CB,RB"
12634,Bradley Halliday,RB
12637,Øyvind Alseth,RB
12639,Hugo Vera,"CB,RB"
12654,Rodny Lopes Cabral,"RB,CB"
12663,Bhadrashree Raj,RB
12665,Kevin Álvarez Campos,"RB,RM"
12692,Takashi Kanai,"LB,RB,CB"
12697,Taiyan Jin,"LB,CM,RB"
12700,Noé Maya,"CM,RB"
12702,Wan Gyu Gwon,"CB,RB,LB"
12704,Víctor Gómez Perea,RB
12705,Kelvin Mellor,"RB,CB,RM"
12707,Julian Gölles,"RB,RWB,RM"
12709,Tobias Kainz,"CDM,CM,RB"
12714,Saleh Saad Al Qumayzi,RB
12725,Kane Wilson,RB
12737,George Francomb,"RB,CB,RM"
12738,Storm Roux,"RB,LB"
12751,Mikey Ambrose,"LB,RB"
12765,Dominik Bock,"RM,RB,ST"
12768,Eiichi Katayama,"CB,RB"
12769,Patrick Koronkiewicz,"RB,RW"
12772,Agustín Medina Delgado,RB
12791,Michael Gardawski,"LB,RB"
12793,Brian Blasi,"RB,CB"
12798,Alan Moreno,RB
12800,Pierre-Daniel Nguinda,RB
12805,Jakub Tosik,"CDM,RB"
12816,Sondre Flem Bjørshol,RB
12839,Desevio Payne,"RB,LB"
12842,Lei Chen,"RB,LB,CDM"
12846,Florian Brügmann,"RB,LB,LM"
12852,Tafari Moore,RB
12856,Ignacio Ayala,"RB,CB"
12867,Kevin Mensah,"RB,ST,RW"
12873,Mats Haakenstad,RB
12874,Erwin Saavedra,"RB,RM"
12879,Aaron McGowan,"RWB,RB"
12881,Carlos Añez,RB
12889,Andrej Kadlec,RB
12890,Keith Watson,"CB,RB"
12892,Alois Höller,"RB,RM"
12894,Jiashu Tang,"CB,CDM,RB"
12899,George Marsh,"CDM,RB"
12904,Fodé Konaté,RB
12907,Lucas Silva Melo,"CB,RB"
12914,Richie Laryea,"RB,RM,RWB"
12922,Salem Mbakata,RB
12937,Daiki Niwa,"CB,RB"
12956,David Stec,RB
12959,Antonio Candela,"RB,RM"
12973,Tomasz Cywka,"CDM,RB,CM"
12982,Nizamdin Ependi,"RB,RM,LB"
12983,Tony Beltran,RB
13001,James Wilson,"CB,RB"
13007,Ritchie Sutton,"CB,RB"
13020,Yukitoshi Ito,RB
13025,Jamie Brandon,"RB,LB,RWB"
13039,Simon Madden,"RWB,RB"
13040,Oscar Bernal,RB
13066,Liam Grimshaw,"RB,RWB,CM"
13076,Dominik Baumgartner,"CB,RB"
13081,Scott Galloway,"LB,RB"
13083,Martin Rasner,"CM,RB"
13090,Yugo Tatsuta,"CB,RB"
13101,Anthony Sauthier,RB
13103,Bent Sørmo,RB
13105,Ismael Quílez,"RB,RM"
13107,Axel Bamba,"CB,RB"
13114,Amaar Ali Al Dohaim,"CB,RB"
13117,Jun Yub Kim,"RM,RB,LB"
13141,Ángelo Gabrielli,RB
13142,Sacha Boey,RB
13150,Luke O'Neill,"RB,RWB"
13162,Madallah Al Olayan,"RB,CDM"
13176,Abdullah Al Fahad,"CB,RB"
13188,Toby Sibbick,"RB,RWB,CB"
13203,Kevin Conrad,"CB,LB,RB"
13215,Álvaro Madrid,"CM,CDM,RB"
13233,Jeppe Brinch,"RB,CB"
13234,Jan Bamert,"CB,RB"
13241,Kevin Goden,"RB,RM"
13251,Cebrail Karayel,"RB,LB"
13252,Daniel Fernández Fernández,"RB,LB"
13254,Daniel Bowles,"CB,RB"
13255,Modou Jadama,"CB,RB"
13259,Aaron Hickey,"LB,RB"
13261,Mart Ristl,"CDM,RB,CM"
13268,Milan van Ewijk,RB
13271,Jonathan Marulanda,RB
13272,Boubakar Kouyaté,"CB,RB"
13274,Ryosuke Maeda,"CM,CDM,RB"
13280,Luke Hemmerich,"RM,RB,LB"
13282,Agostino Rizzo,"RB,CM,RM"
13304,Gianmarco Ingrosso,"CB,RB"
13306,Alexandre Vardin,RB
13314,Callum Brittain,"RWB,RB"
13321,Gregorio Luperini,"RM,CM,RB"
13332,Luther James-Wildin,"RB,RWB"
13341,Reece Hall-Johnson,"RB,CB"
13342,Thomas Doyle,"LB,RB"
13345,Anderson Dos Santos Gomes,RB
13348,Omar Mohammed Muzayil,"RWB,RB"
13362,Luis Meseguer Villanueva,"LB,CB,RB"
13363,Kyle Duncan,"RB,LB"
13370,Alfons Amade,"RB,RWB,CDM"
13383,Liam Donnelly,"CDM,RB,CB"
13390,Lewis Banks,"LB,RB"
13393,Dong Min Kim,"LB,RB,CB"
13399,Masood Bakhit,RB
13400,Mats Solheim,"LB,RB,CB"
13422,Jorge Mier Martínez,RB
13423,Zhe Jiang,"RB,RM"
13426,Jake McGing,"RB,CB,CDM"
13427,Ronald Hernández,"RB,RM"
13437,Patrick Kristensen,"RB,LB"
13441,Michele Troiani,RB
13443,Reuben Yem,RB
13449,Nicholas Gotfredsen,"RB,CM"
13462,José Hernández,"LB,LM,RB"
13473,Arnaud Luzayadio,RB
13476,Kyle Knoyle,RB
13481,Jamie McDonagh,"RB,RM"
13487,Bernard Kyere,"CB,RB"
13497,Emmanuel Ntim,"RB,CB"
13502,Justin Hoyte,"RB,CB"
13515,Kamil Dankowski,RB
13517,Florian Hart,"RB,CDM,RM"
13518,Per Karlsson,"CB,RB,CDM"
13523,Abdoulaye Keita,"CM,RB,LB"
13526,Enzo Guerrero,"CB,RB"
13528,Jakub Bartosz,"RB,RM,RWB"
13533,Francisco Sepúlveda,RB
13537,Kilian Ludewig,"RB,RM,RW"
13542,Makoto Okazaki,"CB,RB"
13549,Min Gi Lee,"LB,RB"
13551,Andraž Struna,RB
13553,Chris Kablan,"LB,RB"
13573,Yuzo Kobayashi,RB
13575,Francisco Sierralta,"RB,CB"
13585,Lee Hodson,"RB,LB,CM"
13609,Stefan Gölles,RB
13610,Shilin Sun,"CDM,CM,RB"
13625,Luke Bolton,"RM,RB"
13649,Andrei Rațiu,RB
13650,Abdallah Ali Mohamed,RB
13651,Matthias Kühne,"RB,CB,RM"
13653,Oscar Threlkeld,RB
13654,Dalun Zheng,"RM,RB,LW"
13657,Cezary Stefańczyk,RB
13667,Brian Koglin,"CB,LB,RB"
13679,Scott Wiseman,"RWB,RB"
13690,Maximilian Bauer,RB
13696,Kosuke Yamamoto,"CM,CDM,RB"
13708,Mandela Egbo,RB
13710,Willie Britto,RB
13714,Dinu Graur,RB
13731,Lewis Young,"RWB,RB"
13739,Julian Araujo,RB
13765,Hayden White,"RWB,RB,CB"
13768,Matt Olosunde,"RB,CB,LB"
13775,Jordy Delem,"CDM,RB"
13786,Jimmy Keohane,"CDM,CAM,RB"
13794,Stéphane Lambèse,RB
13795,Cristian Costin,"RB,RW"
13797,Stiven Vega,"RB,CDM,LB"
13799,Volkan Egri,"RM,RB,CAM"
13803,Timothy Eyoma,"CB,RB"
13816,Harouna Abou Demba,RB
13831,Te Atawhai Hudson-Wihongi,"CB,CDM,RB"
13837,Robin Polley,RB
13844,Nicolás Díaz,"CB,RB"
13856,Jaylin Lindsey,"LB,RB"
13870,Perry Ng,"RB,CB"
13874,Sebastian Santin,"RM,RB,RWB"
13877,Roberto Romeo,RB
13882,Tibor Joza,"CB,RB,LB"
13883,Elliott Hewitt,"CM,RB,CB"
13892,Chenglin Zhang,"CB,RB,LB"
13897,Jae Woo Bae,"RB,RM"
13900,Diego Campos,RB
13903,Adam Örn Arnarson,RB
13906,Federico Valietti,RB
13948,Donald Love,"RWB,RB"
13959,Yacouba Diori,"RB,CB"
13964,Steven Sessegnon,"RB,CB"
13970,Sambou Sissoko,"RB,LB,RW"
13979,Francis Dady Ngoy,RB
14017,Janik Jesgarzewski,"RB,CAM"
14028,Ashley Baker,"RB,RWB"
14041,Florin Achim,"RB,RM"
14043,Steffen Lang,"LB,RB"
14048,Diego Gustavo Ferraresso Scheda,"RB,LB"
14064,Boris Rotenberg,"RB,RWB"
14070,Kota Fujimoto,"CB,RB,CDM"
14110,Yukinari Sugawara,"RB,CB"
14137,Ki-Jana Hoever,"RB,CB"
14146,Nagisa Sakurauchi,"RM,CB,RB"
14148,Cameron Dummigan,"RB,RWB,RM"
14149,Christopher Lindquist,RB
14154,Marcel Gottschling,"RB,RW,LW"
14162,Robbie McKenzie,"CB,RB"
14171,Kieran Kennedy,"CB,RB"
14176,Junior Julio,"CB,RB"
14177,Savaş Polat,RB
14182,Nahuel Arena,"CB,RB"
14185,Markus Nakkim,"CB,RB"
14194,Simone Pinna,RB
14212,Constantin Nica,RB
14226,Jalen Robinson,"CB,RB"
14232,Rob Hunt,"RB,LB"
14249,Jamie Sterry,RB
14261,Mohammed Al Baqawi,RB
14271,Fernando Navarro Hervás,"LB,RB,CB"
14273,Raphael Obermair,"RM,LM,RB"
14277,Abdulaziz Majrashi,RB
14289,Olivier Mbaizo,RB
14291,Eliseo Falcón Falcón,"CB,RB"
14310,Erik Henschel,"RB,RM"
14311,Nils Blumberg,"RM,CF,RB"
14322,Julio Alonso Sosa,"LB,RB"
14326,Ken Gipson,"RB,RWB"
14340,Theo Vassell,"CB,LB,RB"
14343,Herbert Paul,"RB,LB,CB"
14356,Dong Yun Jeong,RB
14362,Nicolás Fernández,"RM,RB"
14364,Christie Elliott,RB
14376,Awadh Ali Khrees,RB
14378,Omar Hawsawi,"CB,RB"
14383,Ignace Van der Brempt,"RB,RM"
14384,Killian Sardella,RB
14388,Laurent Lemoine,"CB,RB,CDM"
14404,James Pearson,RB
14412,Johnny Koutroumbis,"RB,CB"
14418,Ismaël Aaneba,"RB,CB"
14438,Robbie Gotts,"RM,CM,RB"
14448,Ryan Strain,RB
14456,Clément Bayiha,"RW,RB"
14467,Ali Al Zubaidi,RB
14472,John Salas,"RB,LB"
14473,Jordan Williams,RB
14506,Adnan Kojić,"RB,RWB"
14516,Henri Toivomäki,"CB,RB"
14518,Kayne Ramsay,"RB,CB"
14519,Davide Vitturini,"RB,CB"
14544,Tariq Hinds,"RB,LB"
14546,Bevis Mugabi,"CB,RB"
14551,Shay Facey,"RWB,RB,CB"
14558,Conor McCarthy,"CB,RB"
14561,Gabriele Morelli,"RB,LB"
14566,Ștefan Vlădoiu,RB
14573,Majed Hazazi,RB
14580,Pavel Maslov,"RB,CM"
14581,Gary Magnée,RB
14585,Tomoki Imai,"CB,RB"
14607,Nicolás Giraldo,"LB,RB"
14612,Cameron Norman,"RB,RWB"
14616,Fabian Senninger,"LB,RB"
14620,Yuefeng Bai,RB
14623,Saud Abdulhamid,RB
14624,Nathan Wood,"CB,RB"
14625,Marian Pleașcă,RB
14627,Ronald Mukiibi,"CB,RB"
14630,Teruki Hara,"RB,LB,CM"
14637,Ryan Astley,"CB,RB"
14640,Joshua Bitter,RB
14646,Niklas Strunck,"CM,RB,RM"
14665,Denver Hume,"LB,RB"
14669,Kazuki Anzai,"RB,LB,RM"
14674,Erlend Dahl Reitan,RB
14675,Jonas Behounek,"RB,CDM"
14682,Murat Saglam,"RB,CAM"
14692,Diego Barbosa,RB
14693,Takahiro Iida,"RB,RM"
14696,Cheng Zhang,RB
14700,Tae Ho Kim,RB
14704,Jordan Lotomba,"LB,RB"
14706,Tim Rieder,"RB,CB,CDM"
14713,Sergio Carreira Vilariño,RB
14720,Bright Gyamfi,"RB,CB"
14742,Ricardo Chávez,"CM,RB"
14746,Ben Fox,"CDM,RB,CM"
14749,Francisco Flores,RB
14758,Colm Horgan,RB
14760,Brandon Williams,"LB,RB"
14771,Diego Orellana,"CM,CDM,RB"
14780,Diego Rosales,RB
14797,Pengfei Shan,"RB,LB"
14809,Daniel Meredith,"RB,CB"
14813,Tianyu Qi,"CDM,RB"
14816,Thomas Garcia,RB
14819,Yazeed Al Bakr,RB
14834,James Horsfield,"RB,CDM"
14840,So Fujitani,"RB,RWB,RM"
14857,Joey O'Brien,"RB,CB,LB"
14866,Simon Straudi,"RM,CM,RB"
14867,Tom Duponchelle,"RB,LB"
14875,Henry Wingo,"RM,RB"
14891,Jeppe Simonsen,"RB,LB"
14924,Darren Cole,"CB,RB"
14925,Jackson Montaño,RB
14929,Pascal Itter,"RB,CB,CDM"
14937,Kevin Bigler,"CM,RB,LM"
14942,Enrico Canino,"RB,LB"
14948,Damiano Lia,RB
14950,Onur Ural,RB
14976,Laurențiu Corbu,RB
14977,Jan Hendrik Marx,"RB,RM"
14978,Kevin Sessa,"CM,RM,RB"
14985,Won Jae Park,"RB,RM"
14992,Elías López,RB
15001,Ji Hoon Lee,RB
15023,Karam Barnawi,"RB,RM"
15033,Tennai Watson,RB
15039,Jan Grzesik,RB
15048,Frederik Børsting,"LM,CM,RB"
15066,Fabián Mosquera,"CB,RB,CDM"
15074,Fawaz Al Sagour,RB
15078,Tom Baack,"CB,RB,CDM"
15084,Aaron Lewis,"RB,LB"
15085,James Gibbons,"RB,RWB"
15087,Kevin Vásquez,"CDM,RB"
15089,Eric Weeger,"RB,RM,CDM"
15090,Jacob Tratt,"RB,CB"
15100,Cheng Long,"CB,RB"
15103,Marlon Fossey,RB
15117,Michael Guthörl,RB
15129,Tyler Reid,RB
15132,Max Kremer,"RM,RB"
15135,Joel Latibeaudiere,"CB,RB"
15151,Yuto Suzuki,"RM,CM,RB"
15179,Valentin Gendrey,RB
15203,George Tanner,"RB,LB"
15210,Agustín Álvarez,RB
15217,Maximiliano Villa,RB
15224,Fei Wang,"RB,RM,LB"
15225,Özer Özdemir,"RB,LB"
15239,Radhi Al Radhi,"CB,RB"
15248,Cristian Subero,"RB,CAM"
15261,Luis Martínez,RB
15262,Hamad Suliman Al Jayzani,RB
15269,Sven Joss,"LB,RB"
15270,Miles Welch-Hayes,"RB,LB,CB"
15279,Nicolas Lüchinger,"RB,LB"
15307,Jakub Bednarczyk,"RM,RB,LM"
15316,Serafin Szota,"CB,RB"
15318,Giulian Biancone,"RB,RWB"
15323,Marin Cavar,"CB,RB"
15329,Murad Al Rashdi,"CDM,RB,CM"
15338,Chang Jun Park,RB
15341,Christian Mora,RB
15343,Franco Malagueño,"RB,RWB"
15366,Roni Peiponen,"RB,LB"
15382,Daisuke Nasu,"CB,RB"
15385,Demeaco Duhaney,"RB,LB"
15386,Kilian Senkbeil,"CB,RB"
15387,Rece Buckmaster,"RB,LB"
15393,Denzel Hall,"RB,CB"
15399,Callum Evans,"RB,CM"
15402,Tomasz Mokwa,"RM,RB"
15412,Justin Gulley,"RB,CB,RWB"
15414,Harry Brockbank,"RB,CB"
15425,Johnny Dunleavy,"RB,CB,LB"
15426,Maxim Eleev,RB
15427,Woyo Coulibaly,"RB,LB"
15429,Juan Galetto,RB
15435,Jordan Allen,"LW,CM,RB"
15444,Ting Zhu,"RB,RM"
15450,Jens Buss,"LB,RB"
15469,Daniel Leadbitter,RB
15473,Gustav Jarl,"RM,RW,RB"
15481,Henri Pernía,"CB,RB"
15498,Rodrigo González,RB
15499,Sean Long,"RB,RWB"
15516,Uğur Tezel,"RB,RWB,RM"
15517,Jacob Pepper,"CB,CDM,RB"
15545,Ryan Sears,"RB,CB"
15564,Denis Haruț,RB
15580,Itsuki Oda,"RB,LB"
15594,Kyle Callan-McFadden,"CB,RB,CDM"
15595,Corey O'Keeffe,"RB,CM,LB"
15596,Abdallah Aberkane,"RB,CB"
15599,Sam Long,RB
15607,Santiago Jiménez,RB
15610,Abdullah Hassoun,RB
15621,Cameron James,"CB,RB,CDM"
15644,Gyeong Jae Kim,"CB,RB,RM"
15661,Hakeem Odoffin,"RB,RWB,CB"
15676,Osama Yousef Al Khalaf,"CDM,RB"
15681,Romaric Yapi,RB
15682,Michael Gonçalves,RB
15684,Gabriele Zappa,RB
15739,Yuan Zhang,"RB,RM"
15743,Joshua Hare,RB
15745,Juan Córdova,"RB,LB"
15750,Chris Richards,"CB,RB"
15763,David Webster,"CB,RB"
15768,Cammy MacPherson,"CM,RB,RM"
15772,Osama Ashoor,RB
15786,Wangsong Tan,"RB,LB"
15810,Tim Kircher,"RB,LB"
15813,José Rivaldo Lozano,RB
15832,Mateo Puerta,RB
15842,Sam Bone,"CDM,CB,RB"
15843,Terence Vancooten,"CB,RB,LB"
15852,Ricardo Peña,RB
15855,Niklas Sommer,RB
15857,Alec Van Hoorenbeeck,"LB,CB,RB"
15882,Alexander Hansen,RB
15899,Harry Forster,"RM,RB"
15921,Raffael Behounek,"CB,RB"
15922,Frank Ronstadt,"RB,RM,LB"
15929,Jinzhao Chu,"CB,RB,LB"
15930,Chris Odoi-Atsem,"RB,LB"
15939,Alex DeJohn,"CB,RB"
15956,Paul Marie,RB
15960,Mert Yılmaz,"RB,RM"
15967,Destan Bajselmani,RB
15971,Jamie Turley,"CB,RB"
15974,Seong Nam Ahn,"CDM,CAM,RB"
15984,Charmaine Häusl,"CB,CDM,RB"
16050,Levi Sutton,"CM,RB"
16051,Lu Zhang,"RM,CM,RB"
16052,Saad Al Khayri,"RB,CB"
16069,Jordi Osei-Tutu,"RB,RM"
16070,Davide Itter,RB
16071,Nelson Córdova,RB
16074,Pengxiang Jin,"RB,CB"
16079,Tareq Abdullah,"RB,CDM,LB"
16083,Florin Borța,RB
16103,Long Song,"RB,LB,CDM"
16110,Marcelo Weigandt,RB
16114,Carlos Villanueva,RB
16119,James Brown,"RB,RWB"
16140,Tobias Knost,"CB,RB"
16169,Adam Buxton,"RB,LB"
16177,Gabriel Osho,"CB,RB"
16180,Stephen Duke-McKenna,"RM,LM,RB"
16196,Hugo Vandermersch,"RB,CB"
16199,Benrandy Abdallah,RB
16201,Nadir Zortea,RB
16216,Udoka Godwin-Malife,"CB,RB"
16234,Murat Paluli,"RB,RM"
16235,Katsuya Iwatake,"RWB,RB,CB"
16244,Carter Manley,RB
16251,Ahmad Toure Ngouyamsa,"LB,RB"
16271,John Buckley,"CM,RB"
16286,Jannik Rochelt,"CAM,ST,RB"
16294,Ethan Boyle,RB
16304,Mads Roerslev Rasmussen,"RWB,RB"
16313,Danny McNamara,RB
16314,Noah Steiner,"CB,RB,LB"
16317,Max Sanders,"CM,RB"
16318,Grzegorz Szymusik,RB
16325,Yushi Mizobuchi,"RB,RWB,LB"
16335,Lassana Diako,"RB,RM"
16336,Leonardo Fontanesi,"RB,CB"
16343,Mario Trejo,RB
16348,Phil Edwards,RB
16388,Tapmahoe Sopacua,RB
16402,Becir Omeragic,"CB,RB"
16415,Muteb Al Mutlaq,RB
16416,Ignacio Tapia,"CB,RB,LB"
16434,Ian Maatsen,"LB,RB,CB"
16438,Furkan Sagman,"RB,CDM"
16448,Hamdan Al Ruwaili,RB
16449,Philipp Sander,"CM,LM,RB"
16464,Kostas Stamoulis,RB
16465,Tristan Blackmon,"RB,CB"
16469,Michael Nottingham,RB
16471,Kota Yamada,"CM,CF,RB"
16478,Daniel Quiñones,RB
16483,William Sell,RB
16493,Rafał Kobryń,RB
16531,Takuma Mizutani,"RM,RB,LB"
16536,Mahmut Özen,RB
16546,Haidar Al Ameri,"RB,RM"
16554,Kaique Rocha Lima,RB
16561,Kwang Jin Lee,"RB,CB"
16564,Weilong Wang,"CB,RB"
16571,Harvey Rodgers,"RB,CB"
16584,Tobias Damsgaard,RB
16585,Kevin Kouassivi-Benissan,"RW,RB"
16593,Ryu Takao,"CB,RB"
16597,Breiner Paz,"CB,RB"
16606,Alex Purver,"CDM,RB"
16607,Tariq Lamptey,"RB,RM"
16608,Luke Matheson,RB
16622,Daiki Ogawa,"LM,RM,RB"
16633,Jan Just,"RB,CB,LB"
16648,Christian Dahle Borchgrevink,RB
16650,Aboubacar Lô,"CB,RB"
16651,Christian Ventola,"RB,RM"
16658,Bertie Smith-Hylton,"CB,RB"
16671,Wenyang Du,RB
16679,Lennard Maloney,"CB,RB"
16680,Josh Pask,"CB,RB"
16681,Christoph Ehlich,"RM,RB"
16697,Shaun McWilliams,"CM,RB"
16703,Derek Pender,"RB,LB"
16714,Teddy Howe,"RWB,RB"
16715,Emirhan Civelek,RB
16723,Kyron Stabana,"RB,RWB"
16729,Jørgen Olsen Øveraas,"RB,CB"
16746,Canice Carroll,"CDM,CB,RB"
16758,Mahamadou Dembélé,"CB,RB"
16760,Artem Sokol,"CB,RB,LB"
16761,Josh Grant,"RB,CB"
16767,Ernest Boahene,RB
16771,James Clarke,"RB,CB"
16796,Jules Sylvestre-Brac,"CB,RB"
16812,Ryan Cooney,RB
16815,Haruya Fujii,"RB,CB"
16824,Michael Olczyk,RB
16833,Andrew Lyons,RB
16835,Luca Mack,"CB,CDM,RB"
16843,Dane Ingham,"RB,RM"
16866,Yi Luo,"LB,RB"
16897,Samir Bouzar,"CB,RB"
16913,Charlie Wakefield,"RM,RB"
16914,Leon Davies,RB
16917,Carlos Pájaro,RB
16947,Khamis Digol,"RB,RM"
16964,John Kavanagh,"RB,RWB"
16973,Kwang Il Park,"RM,RB"
16992,Djed Spence,RB
17007,Joe Rankin-Costello,"RM,RWB,RB"
17008,Leonardo Morales,RB
17010,Jack McMillan,"LB,RB"
17071,Sam Ling,"RWB,RB"
17095,Nicholas Mickelson,RB
17098,Josip Stanisic,"CB,RB,LB"
17102,Martín Lara,"RM,RB"
17103,Rory Feely,"RB,CB"
17117,Michael Barker,"CB,RB"
17138,Ruben Roosken,RB
17150,Dariusz Pawłowski,RB
17153,Joon Jae Myeong,"RB,CAM"
17155,Riku Matsuda,RB
17159,Gastón Zuñiga,RB
17160,Issa Kabore,RB
17165,Florian Heister,"RM,RB"
17177,Dylan Pierias,RB
17181,Niall Morahan,"CM,RB,CDM"
17188,Rui Peng,"LB,RB"
17190,Răzvan Onea,RB
17200,Alessandro Fiordaliso,RB
17202,Lucas Buades,"ST,RW,RB"
17223,Georgi Pashov,"RB,RM"
17231,Luis Ortiz,"RB,CM"
17241,Adrian Delap,"RM,RB"
17243,Callan Elliot,"RB,CAM"
17249,Makito Ito,"CB,RB"
17257,Benjamín Jerez,RB
17262,Colm Deasy,"RB,RWB,LB"
17263,Jon Gallagher,"RB,RWB"
17271,Zak Mills,RB
17281,YanFeng Dong,RB
17288,Mukhair Al Rashidi,"RWB,RB"
17289,Daniël Camara Bos,RB
17305,Mateusz Spychała,RB
17310,Cristian Andreoni,RB
17333,Hailong Li,RB
17361,Mohammed Al Dawsari,RB
17378,Cameron Coxe,RB
17380,Chenglong Li,"RB,RM"
17406,Geovan Montes,RB
17410,Byron Nieto,"RM,RB"
17417,Rarmani Edmonds-Green,"CB,RB"
17420,Andre Reynolds II,RB
17440,Artur Bogusz,"LB,RB"
17448,Eelamynthan Suresh,"RM,CAM,RB"
17449,Abel Hidalgo,"CB,RB"
17453,Nicky Hunt,"RB,CB,LB"
17458,Mircea Leasă,RB
17480,Shiyuan Yang,RB
17484,Shumpei Naruse,"RM,LM,RB"
17515,Easah Suliman,"CB,RB"
17537,Giacomo Ricci,RB
17540,Radhi Al Otaibi,"RB,CDM"
17545,Claudio Navarrete,"CB,RB"
17550,Ben Johnson,"RB,LB"
17551,Hiroya Matsumoto,"CM,RM,RB"
17552,Romain Fleurier,"LB,RB"
17569,Fabian Tauchhammer,RB
17574,Kyung Hyun Min,"CB,RB"
17666,Jayden Richardson,RB
17672,Takumi Nakamura,"RB,RM,CDM"
17673,Yun Seong Kang,"RB,CM"
17685,Tom Hamer,RB
17692,Kyle Smith,RB
17710,Thomas Rausch,"RB,CB,CDM"
17720,Ignacio Núñez,"CB,RB"
17736,Paul Cleary,"RB,LB"
17737,Maxwell Gyamfi,"CB,RB,CDM"
17738,Myles Judd,"RWB,RB"
17757,Alejandro Díaz,RB
17767,Brandon Lauton,"RB,CM"
17770,Daniel Tobin,RB
17800,Florian Ferk,"CB,RB"
17804,Emil Kalsaas,RB
17806,Mohammad Al Sharimi,"RB,CB"
17807,Fan Yang,"RB,CB,RM"
17819,Brendan Sarpong-Wiredu,"RB,CM,RM"
17820,Macauley Southam,RB
17826,David Josues,"RB,CM"
17840,Boyang Liu,RB
17845,José Saúl Hernández,RB
17850,Ross Millen,RB
17892,Sebastian Avanzini,"LM,LB,RB"
17910,Chao Gan,"LB,CDM,RB"
17942,Allan Linguet,"CB,RB"
17950,William Moan Mikalsen,"RB,ST"
17958,Wallace Duffy,"RB,CB"
17959,Richard Nartey,"CB,RB"
17975,Hayato Teruyama,"CB,RB"
17989,Fang Li,RB
17996,Weiming Chen,"RB,LB"
18001,Haji Mnoga,RB
18012,Jordan Helliwell,"RB,LB"
18018,Paul Wiese,"RB,RM"
18019,Jonas Mortensen,"RB,LB"
18023,Zhen Ge,"LB,RB,CB"
18042,Harry Van der Saag,RB
18058,Jing Liu,RB
18097,Henry Woods,"CM,CAM,RB"
18099,Archie Davies,RB
18107,Paweł Żuk,RB
18137,George Stanger,"CB,RB"
18149,Hamse Hussein,"RM,RB"
18167,Harry Sheppeard,"RWB,RB"
18181,Gabriel Weiß,RB
18198,Juan Manuel Zapata,RB
18201,Magnus Anbo,RB
18219,Isaiah Bazeley-Graham,"RB,CB"
18220,Luke Little,RB
18230,Kasper Jørgensen,"RWB,RB"
18242,Sebastian Anderson,RB
18252,Sedrick Kalombo,"CM,RB"
18266,Xin Zhou,RB
18268,Camron McWilliams,RB
18274,Hussein Ali,"RWB,RB"
18306,Marcelo Filla,"RB,LB"
18307,Matthew Sorinola,"LB,RB"
18335,Michael Baldisimo,"CDM,CM,RB"
18345,Samu Laitinen,RB
18352,Tyler French,"CB,RB"
18357,Oliver Villadsen,"RB,RW"
18387,Loren Niță,RB
18417,Sean Callan,"CB,RB"
18428,Jong Dae Ju,RB
18435,Diego Ruíz,"RB,CM"
18440,Travis Johnson,RB
18457,Daniel Bowry,"CB,RB"
18461,Nicolás Fuentes,RB
18470,Pierce Phillips,"CDM,RB"
18483,Yupeng He,"RB,RM"
18489,Ting Zhou,"LB,RB"
18492,Josh Lundstram,"RB,CM"
18494,Junzhe Zhang,RB
18512,Isaac Akinsete,RB
18523,Luke Offord,"CDM,RB"
18524,Ziyad Al Oyouni,RB
18539,Francisco Nevarez,RB
18543,Joshua Woodcock,"RB,CDM"
